{
  "accuracy": [
    0.18774966895580292,
    0.402634859085083,
    0.5328450798988342,
    0.598071277141571,
    0.6453415751457214,
    0.6760884523391724,
    0.7030423879623413,
    0.7195456624031067,
    0.7388532757759094,
    0.7467215657234192,
    0.7632651329040527,
    0.7766210436820984,
    0.7817859053611755,
    0.7906427979469299,
    0.7978654503822327
  ],
  "loss": [
    3.1679160594940186,
    2.1085100173950195,
    1.5843020677566528,
    1.3340622186660767,
    1.154690146446228,
    1.0487914085388184,
    0.9503612518310547,
    0.8961387872695923,
    0.8407869338989258,
    0.8010086417198181,
    0.7491472959518433,
    0.7115983963012695,
    0.6978421807289124,
    0.6702474355697632,
    0.638716459274292
  ],
  "val_accuracy": [
    0.3750302493572235,
    0.5586312413215637,
    0.6496650576591492,
    0.6659672260284424,
    0.737632155418396,
    0.7143087983131409,
    0.7560325860977173,
    0.7489306926727295,
    0.765878438949585,
    0.7717698216438293,
    0.7407795786857605,
    0.7975950241088867,
    0.8320555090904236,
    0.7574045658111572,
    0.8320555090904236
  ],
  "val_loss": [
    2.2552976608276367,
    1.5101295709609985,
    1.1016653776168823,
    1.0315135717391968,
    0.8046528100967407,
    0.8839017748832703,
    0.7324787974357605,
    0.7737153768539429,
    0.732016384601593,
    0.6945765018463135,
    0.8481265306472778,
    0.6741336584091187,
    0.5235642194747925,
    0.7984864711761475,
    0.5018489360809326
  ],
  "learning_rate": [
    0.0010000000474974513,
    0.0010000000474974513,
    0.0010000000474974513,
    0.0010000000474974513,
    0.0010000000474974513,
    0.0010000000474974513,
    0.0010000000474974513,
    0.0010000000474974513,
    0.0010000000474974513,
    0.0010000000474974513,
    0.0010000000474974513,
    0.0010000000474974513,
    0.0010000000474974513,
    0.0010000000474974513,
    0.0010000000474974513
  ]
}